{
    "rh_TH": {
        "x": [],
        "y": [],
        "z": []
    },
    "rh_FF": {
        "x": [
            0.0986637772217637,
            0.0984976116722495,
            0.09860755726697618,
            0.09849750026065475,
            0.09866755491004012,
            0.09849752789686764,
            0.09860791495030172,
            0.09849743629236903,
            0.09866753150493363,
            0.09849749306143006,
            0.09860788114628175,
            0.09849741472776533,
            0.09867067390777587,
            0.09850118319140087,
            0.09841591011691143,
            0.0985011825658679,
            0.09860980705057817,
            0.09850120299763046,
            0.09889927531762609,
            0.09867035349500669,
            0.09850113338135505,
            0.09841606461227388,
            0.09860967110632303,
            0.09850114530370735,
            0.09849736827311945,
            0.09850110598121838,
            0.09889915079838958,
            0.09867005648619985,
            0.09850117002663265,
            0.09841619443727068,
            0.09860954644883974,
            0.09850118719526649,
            0.09849737204653185,
            0.09850116674601217,
            0.09889904824143059
        ],
        "y": [
            -0.3408690989030426,
            -0.34083852791973046,
            -0.3408638128511007,
            -0.34084295206186144,
            -0.34087001797205124,
            -0.34083873717706004,
            -0.3408641605182796,
            -0.3408433797513851,
            -0.34087001227785246,
            -0.34083899929959754,
            -0.3408642640102796,
            -0.34084354228581365,
            -0.3408707767890704,
            -0.3408106858149143,
            -0.34080775710182437,
            -0.3408295414546046,
            -0.34085596856827177,
            -0.34081469333454156,
            -0.34092783280552286,
            -0.34087069883625254,
            -0.3408110981204208,
            -0.3408077965703927,
            -0.34085593549456566,
            -0.3408151482547327,
            -0.34084377643671776,
            -0.3408301231757617,
            -0.34092792320114323,
            -0.3408706265773551,
            -0.3408108503907855,
            -0.3408078297364805,
            -0.34085590516680403,
            -0.3408148448866089,
            -0.3408437623543015,
            -0.3408296616189564,
            -0.34092794331249693
        ],
        "z": [
            1.032832770927319,
            1.0328328522516843,
            1.0329995281448872,
            1.0329298779333358,
            1.032821368811016,
            1.0328212981378901,
            1.0329983575414745,
            1.0329283183520537,
            1.0328214394541517,
            1.0328212408065482,
            1.0329984205612073,
            1.032928290168391,
            1.0328119548063837,
            1.0328124918159591,
            1.0328118309999543,
            1.0333235269244176,
            1.0329956679489205,
            1.0329252057878042,
            1.0321214692370928,
            1.0328129219014408,
            1.0328134265782822,
            1.032812758083066,
            1.032996078266579,
            1.0329256746243871,
            1.0329250852582086,
            1.0333235484405072,
            1.0321218029271366,
            1.0328138183568152,
            1.0328142462534473,
            1.0328135371262688,
            1.0329964545176136,
            1.0329260647833427,
            1.0329254794295062,
            1.0333235313689302,
            1.032122096737295
        ]
    },
    "rh_MF": {
        "x": [],
        "y": [],
        "z": []
    },
    "rh_RF": {
        "x": [],
        "y": [],
        "z": []
    },
    "rh_LF": {
        "x": [],
        "y": [],
        "z": []
    }
}