{
    "rh_TH": {
        "positions_x": [],
        "positions_y": [],
        "positions_z": [],
        "normals_x": [],
        "normals_y": [],
        "normals_z": [],
        "empty": true
    },
    "rh_FF": {
        "positions_x": [
            0.09573677277739404,
            0.09573709000865167,
            0.09573677934990477,
            0.09573718843661226,
            0.09573677366321456,
            0.09573504643745182,
            0.09573629516090221
        ],
        "positions_y": [
            -0.335373,
            -0.335373,
            -0.335373,
            -0.335373,
            -0.335373,
            -0.335373,
            -0.335373
        ],
        "positions_z": [
            1.0331343693831134,
            1.0331338350321038,
            1.0331336427667717,
            1.0331336420114117,
            1.0331332107353823,
            1.0331336513324345,
            1.0331333381549612
        ],
        "normals_x": [
            0.0,
            0.0,
            0.0,
            0.0,
            0.0,
            0.0,
            0.0
        ],
        "normals_y": [
            1.0,
            1.0,
            1.0,
            1.0,
            1.0,
            1.0,
            1.0
        ],
        "normals_z": [
            0.0,
            0.0,
            0.0,
            0.0,
            0.0,
            0.0,
            0.0
        ],
        "empty": false
    },
    "rh_MF": {
        "positions_x": [
            0.09382254868980688,
            0.09385878497409506,
            0.0938227624141551,
            0.09391779296436233,
            0.09382258108661537,
            0.09380547209757373,
            0.09381188342559672
        ],
        "positions_y": [
            -0.335373,
            -0.335373,
            -0.335373,
            -0.335373,
            -0.335373,
            -0.335373,
            -0.335373
        ],
        "positions_z": [
            1.0112295271016418,
            1.0112196829772533,
            1.0111974758146722,
            1.0111972845703256,
            1.0111786611067033,
            1.0111975649673548,
            1.0111906013815417
        ],
        "normals_x": [
            0.0,
            0.0,
            0.0,
            0.0,
            0.0,
            0.0,
            0.0
        ],
        "normals_y": [
            1.0,
            1.0,
            1.0,
            1.0,
            1.0,
            1.0,
            1.0
        ],
        "normals_z": [
            0.0,
            0.0,
            0.0,
            0.0,
            0.0,
            0.0,
            0.0
        ],
        "empty": false
    },
    "rh_RF": {
        "positions_x": [],
        "positions_y": [],
        "positions_z": [],
        "normals_x": [],
        "normals_y": [],
        "normals_z": [],
        "empty": true
    },
    "rh_LF": {
        "positions_x": [],
        "positions_y": [],
        "positions_z": [],
        "normals_x": [],
        "normals_y": [],
        "normals_z": [],
        "empty": true
    }
}