{
    "rh_TH": {
        "contact_positions_x": [],
        "contact_positions_y": [],
        "contact_positions_z": [],
        "contact_normals_x": [],
        "contact_normals_y": [],
        "contact_normals_z": [],
        "forces_x": [],
        "forces_y": [],
        "forces_z": [],
        "torques_x": [],
        "torques_y": [],
        "torques_z": [],
        "sum_forces": [
            0.0,
            0.0,
            0.0
        ],
        "sum_torques": [
            0.0,
            0.0,
            0.0
        ],
        "depths": []
    },
    "rh_FF": {
        "contact_positions_x": [
            0.0985011825658679,
            0.09849529340151005,
            0.09867043135696477
        ],
        "contact_positions_y": [
            -0.3408295414546046,
            -0.34082781641413684,
            -0.3408764711231066
        ],
        "contact_positions_z": [
            0.0985011825658679,
            0.09849529340151005,
            0.09867043135696477
        ],
        "contact_normals_x": [
            0.1606771303373968,
            0.16341793607755642,
            -0.13043786042782776
        ],
        "contact_normals_y": [
            0.9870061402466753,
            0.9862528851075214,
            -0.9907790082964628
        ],
        "contact_normals_z": [
            0.1606771303373968,
            0.16341793607755642,
            -0.13043786042782776
        ],
        "forces_x": [
            1.0475026409690351,
            0.046712444854100074,
            1.7816506446899365e-195
        ],
        "forces_y": [
            -0.05641811840693023,
            -0.03306825474692323,
            -1.6522641804697407e-195
        ],
        "forces_z": [
            1.0475026409690351,
            0.046712444854100074,
            1.7816506446899365e-195
        ],
        "torques_x": [
            -0.000790621143826453,
            -0.00041727592256768457,
            -1.975673872585652e-197
        ],
        "torques_y": [
            -0.023130422310832708,
            -0.0010408509612901753,
            -1.2789934926438755e-197
        ],
        "torques_z": [
            -0.000790621143826453,
            -0.00041727592256768457,
            -1.975673872585652e-197
        ],
        "sum_forces": [
            1.0942150858231352,
            -0.08948637315385347,
            1.5210532051655299
        ],
        "sum_torques": [
            -0.0012078970663941375,
            -0.024171273272122883,
            -0.000552985683047698
        ],
        "depths": [
            1.0922581575090184e-05,
            1.1078018967602965e-05,
            5.626670291192237e-06
        ]
    },
    "rh_MF": {
        "contact_positions_x": [
            0.09914011932744743,
            0.09914070650999997,
            0.09856128043721969,
            0.09913520351944656,
            0.09878852208056405,
            0.09854551950197771,
            0.09855118406864438
        ],
        "contact_positions_y": [
            -0.3407360820092356,
            -0.34074653445876724,
            -0.34060889338347494,
            -0.3406768906351289,
            -0.3406343455763021,
            -0.3406640823692437,
            -0.34064384852662255
        ],
        "contact_positions_z": [
            0.09914011932744743,
            0.09914070650999997,
            0.09856128043721969,
            0.09913520351944656,
            0.09878852208056405,
            0.09854551950197771,
            0.09855118406864438
        ],
        "contact_normals_x": [
            0.17768403768568336,
            0.1975028485881412,
            -0.1302841833815925,
            0.15625073935174957,
            -0.13028359501652248,
            0.11057833542302117,
            -0.1302841833815925
        ],
        "contact_normals_y": [
            0.9773958811545637,
            0.9682422156088727,
            -0.9895952365298119,
            0.9872314139510561,
            -0.9895953021112491,
            0.9882731853591903,
            -0.9895952365298119
        ],
        "contact_normals_z": [
            0.17768403768568336,
            0.1975028485881412,
            -0.1302841833815925,
            0.15625073935174957,
            -0.13028359501652248,
            0.11057833542302117,
            -0.1302841833815925
        ],
        "forces_x": [
            0.0919672049665335,
            0.0,
            0.0,
            0.059309271613166493,
            2.870662459984673e-201,
            0.7436321243227849,
            0.31896669445145653
        ],
        "forces_y": [
            -0.01648431301683373,
            0.0,
            0.0,
            0.013528544748831958,
            2.7300037394286396e-201,
            -0.08450198366131678,
            0.01566206395874091
        ],
        "forces_z": [
            0.0919672049665335,
            0.0,
            0.0,
            0.059309271613166493,
            2.870662459984673e-201,
            0.7436321243227849,
            0.31896669445145653
        ],
        "torques_x": [
            -7.626547917057394e-05,
            0.0,
            0.0,
            0.00016888735311386638,
            3.4887927975262303e-203,
            -0.00013691836277861933,
            4.235496896397335e-05
        ],
        "torques_y": [
            -0.0021116073673020114,
            0.0,
            0.0,
            -0.0013389290207776383,
            -2.248389247839306e-203,
            -0.015593064338199281,
            -0.002445599885419321
        ],
        "torques_z": [
            -7.626547917057394e-05,
            0.0,
            0.0,
            0.00016888735311386638,
            3.4887927975262303e-203,
            -0.00013691836277861933,
            4.235496896397335e-05
        ],
        "sum_forces": [
            1.2138752953539416,
            -0.07179568797057764,
            0.8943949115761878
        ],
        "sum_torques": [
            -1.9415198713535335e-06,
            -0.02148920061169825,
            -0.0015258845576809814
        ],
        "depths": [
            6.677446252767449e-06,
            5.536820164131484e-06,
            7.2126231180358324e-06,
            3.71205597266e-06,
            2.896674892005624e-06,
            5.691483903613737e-07,
            1.8003670038124753e-06
        ]
    },
    "rh_RF": {
        "contact_positions_x": [
            0.09870015870261192
        ],
        "contact_positions_y": [
            -0.34008696376721126
        ],
        "contact_positions_z": [
            0.09870015870261192
        ],
        "contact_normals_x": [
            0.14431861471270815
        ],
        "contact_normals_y": [
            0.9892388767314806
        ],
        "contact_normals_z": [
            0.14431861471270815
        ],
        "forces_x": [
            0.8740700449960624
        ],
        "forces_y": [
            -0.0407732693441476
        ],
        "forces_z": [
            0.8740700449960624
        ],
        "torques_x": [
            -0.0009804318750081778
        ],
        "torques_y": [
            -0.021146159899749665
        ],
        "torques_z": [
            -0.0009804318750081778
        ],
        "sum_forces": [
            0.8740700449960624,
            -0.0407732693441476,
            1.4399773429178389
        ],
        "sum_torques": [
            -0.0009804318750081778,
            -0.021146159899749665,
            -3.6333488916823198e-06
        ],
        "depths": [
            1.757178990591246e-06
        ]
    },
    "rh_LF": {
        "contact_positions_x": [
            0.0986377728084478,
            0.09862701836742298,
            0.09862334569223227,
            0.09908156262728375,
            0.09913025937364285,
            0.09862483375308854,
            0.09863386597739747,
            0.09913218159162718
        ],