{
    "rh_TH": {
        "contact_positions_x": [],
        "contact_positions_y": [],
        "contact_positions_z": [],
        "contact_normals_x": [],
        "contact_normals_y": [],
        "contact_normals_z": [],
        "forces_x": [],
        "forces_y": [],
        "forces_z": [],
        "torques_x": [],
        "torques_y": [],
        "torques_z": [],
        "sum_forces": [
            0.0,
            0.0,
            0.0
        ],
        "sum_torques": [
            0.0,
            0.0,
            0.0
        ],
        "depths": []
    },
    "rh_FF": {
        "contact_positions_x": [
            0.09866823873299134,
            0.09850122986770479,
            0.09841704446607176,
            0.0985011825658679,
            0.09860923473187942,
            0.09850125161875474,
            0.09889880571405668
        ],
        "contact_positions_y": [
            -0.34087018433847327,
            -0.34081058935689856,
            -0.3408080468913471,
            -0.3408295414546046,
            -0.34085582932957853,
            -0.3408143898217401,
            -0.3409283441251154
        ],
        "contact_positions_z": [
            0.09866823873299134,
            0.09850122986770479,
            0.09841704446607176,
            0.0985011825658679,
            0.09860923473187942,
            0.09850125161875474,
            0.09889880571405668
        ],
        "contact_normals_x": [
            0.15847202250548897,
            0.13043999877685583,
            0.15834840849205312,
            0.15712311671075807,
            0.15712311671075813,
            0.13043999877685583,
            -0.13043786042782776
        ],
        "contact_normals_y": [
            0.9871482883203802,
            0.9907787263919461,
            0.9844528129172806,
            0.9869071154797494,
            0.9869071154797495,
            0.9907787263919461,
            -0.9907790082964628
        ],
        "contact_normals_z": [
            0.15847202250548897,
            0.13043999877685583,
            0.15834840849205312,
            0.15712311671075807,
            0.15712311671075813,
            0.13043999877685583,
            -0.13043786042782776
        ],
        "forces_x": [
            0.35347354386577357,
            0.17823510349836574,
            1.0191508094120781e-191,
            0.0,
            0.0,
            1.654055959179017e-142,
            1.8637991765442157e-173
        ],
        "forces_y": [
            0.009356791216181659,
            0.001926894832799439,
            1.3003929757936126e-191,
            0.0,
            0.0,
            1.9791898153249674e-142,
            1.5925280441737001e-173
        ],
        "forces_z": [
            0.35347354386577357,
            0.17823510349836574,
            1.0191508094120781e-191,
            0.0,
            0.0,
            1.654055959179017e-142,
            1.8637991765442157e-173
        ],
        "torques_x": [
            -2.5938308618239052e-05,
            -2.567365369838226e-05,
            1.610072234764365e-193,
            0.0,
            0.0,
            2.4695052766444206e-144,
            2.1220500051840797e-175
        ],
        "torques_y": [
            -0.008749131979181868,
            -0.0037129567105924754,
            -2.0908226912753443e-193,
            0.0,
            0.0,
            -3.3922748658359176e-144,
            -1.329041974839686e-175
        ],
        "torques_z": [
            -2.5938308618239052e-05,
            -2.567365369838226e-05,
            1.610072234764365e-193,
            0.0,
            0.0,
            2.4695052766444206e-144,
            2.1220500051840797e-175
        ],
        "sum_forces": [
            0.5317086473641393,
            0.011283686048981098,
            0.8981888827461271
        ],
        "sum_torques": [
            -5.161196231662131e-05,
            -0.012462088689774343,
            0.00018720409728150496
        ],
        "depths": [
            3.2409201516203634e-05,
            3.725493962591919e-05,
            3.726877085602487e-05,
            5.203243265694546e-07,
            2.1365376061788233e-05,
            2.9552894421192022e-05,
            2.019961541810389e-06
        ]
    },
    "rh_MF": {
        "contact_positions_x": [],
        "contact_positions_y": [],
        "contact_positions_z": [],
        "contact_normals_x": [],
        "contact_normals_y": [],
        "contact_normals_z": [],
        "forces_x": [],
        "forces_y": [],
        "forces_z": [],
        "torques_x": [],
        "torques_y": [],
        "torques_z": [],
        "sum_forces": [
            0.0,
            0.0,
            0.0
        ],
        "sum_torques": [
            0.0,
            0.0,
            0.0
        ],
        "depths": []
    },
    "rh_RF": {
        "contact_positions_x": [],
        "contact_positions_y": [],
        "contact_positions_z": [],
        "contact_normals_x": [],
        "contact_normals_y": [],
        "contact_normals_z": [],
        "forces_x": [],
        "forces_y": [],
        "forces_z": [],
        "torques_x": [],
        "torques_y": [],
        "torques_z": [],
        "sum_forces": [
            0.0,
            0.0,
            0.0
        ],
        "sum_torques": [
            0.0,
            0.0,
            0.0
        ],
        "depths": []
    },
    "rh_LF": {
        "contact_positions_x": [],
        "contact_positions_y": [],
        "contact_positions_z": [],
        "contact_normals_x": [],
        "contact_normals_y": [],
        "contact_normals_z": [],
        "forces_x": [],
        "forces_y": [],
        "forces_z": [],
        "torques_x": [],
        "torques_y": [],
        "torques_z": [],
        "sum_forces": [
            0.0,
            0.0,
            0.0
        ],
        "sum_torques": [
            0.0,
            0.0,
            0.0
        ],
        "depths": []
    }
}