{
    "rh_TH": {
        "positions_x": [],
        "positions_y": [],
        "positions_z": [],
        "normals_x": [],
        "normals_y": [],
        "normals_z": [],
        "empty": true
    },
    "rh_FF": {
        "positions_x": [
            0.09850059568757787,
            0.09849325813434015,
            0.09866517641317228,
            0.09849533520927493,
            0.09946719502084106
        ],
        "positions_y": [
            -0.34084903084275164,
            -0.34084688392159124,
            -0.3408699070724882,
            -0.34085110573345295,
            -0.34095562679892377
        ],
        "positions_z": [
            1.033340396506816,
            1.0333390291166764,
            1.032828354538725,
            1.0327196511488697,
            1.0333412607927552
        ],
        "normals_x": [
            0.16042629360334093,
            0.16272344522045665,
            0.16154683661845992,
            0.15379582518793905,
            -0.13028418338159725
        ],
        "normals_y": [
            0.98677278270738,
            0.9856645948147716,
            0.9847522069733822,
            0.9864236601882348,
            -0.9895951966268891
        ],
        "normals_z": [
            -0.023299777437314675,
            0.04456890063954142,
            -0.06454231510893803,
            -0.05757783232813734,
            0.061052259365064476
        ],
        "empty": false
    },
    "rh_MF": {
        "positions_x": [
            0.0990944614022103,
            0.0990949575248591,
            0.09909416625740447,
            0.09873825288602338,
            0.09855353865765498
        ],
        "positions_y": [
            -0.34072098835726267,
            -0.3407320548217165,
            -0.34066400982577416,
            -0.3406149155177806,
            -0.3406341549632367
        ],
        "positions_z": [
            1.0123236681140904,
            1.0124100808063636,
            1.0112789463147904,
            1.0112801608317556,
            1.011986196334508
        ],
        "normals_x": [
            0.1668651203896288,
            0.19376870459505657,
            0.15343049584757215,
            -0.13028359501652248,
            -0.1302841833815925
        ],
        "normals_y": [
            0.9798217708592256,
            0.9686136282973966,
            0.9877405688747256,
            -0.9895953021112491,
            -0.9895952365298119
        ],
        "normals_z": [
            0.1100242198229375,
            0.15569626905005224,
            -0.028768933643797345,
            -0.06105180512414151,
            -0.06105161257573201
        ],
        "empty": false
    },
    "rh_RF": {
        "positions_x": [
            0.09951175676047895,
            0.09869426529204871,
            0.09952306784783428,
            0.0995229987503933,
            0.09941804914751537,
            0.09889438968315141,
            0.09943023862825631,
            0.09943010981386223,
            0.09922059256313866,
            0.09868659527294933
        ],
        "positions_y": [
            -0.3401969698464411,
            -0.3401273313180725,
            -0.3402141390633549,
            -0.3402141395027113,
            -0.3401971205977008,
            -0.3401125350036168,
            -0.34021186155962263,
            -0.34021186166099787,
            -0.34015548090623404,
            -0.3401779921858907
        ],
        "positions_z": [
            0.9897877026254175,
            0.9904378320826976,
            0.9893988796991019,
            0.9894028445428827,
            0.9897309211217239,
            0.9894038059414155,
            0.9893984518307524,
            0.9894045101114576,
            0.9885559916385757,
            0.9894151475493436
        ],
        "normals_x": [
            0.2352066686533256,
            0.14317812166516558,
            0.23749015771975723,
            0.23677194865983034,
            0.2352066686533256,
            0.13052679476869727,
            0.23749015771975718,
            0.2367719486598303,
            0.25881453561543727,
            0.14709143431125055
        ],
        "normals_y": [
            0.9707417631177224,
            0.980719250469476,
            0.9703662811070801,
            0.9696647122312141,
            0.9707417631177224,
            0.9914447820465372,
            0.9703662811070799,
            0.969664712231214,
            0.9659078726725182,
            0.9871753113840334
        ],
        "normals_z": [
            0.04835547911147612,
            0.1330029219040858,
            0.044583690702547044,
            -0.06074035052075125,
            0.04835547911147612,
            -3.239990948907568e-07,
            0.04458369070254704,
            -0.060740350520751246,
            -0.006084214280928886,
            -0.062040426707882124
        ],
        "empty": false
    },
    "rh_LF": {
        "positions_x": [
            0.09862891301879616,
            0.09862661241639953,
            0.09907715285162304,
            0.0986206557203474,
            0.09907592019732976,
            0.09862464997856721
        ],
        "positions_y": [
            -0.3403880178062495,
            -0.3403966151160727,
            -0.3404498134868798,
            -0.3404211893072723,
            -0.34040864862605297,
            -0.34040098369296573
        ],
        "positions_z": [
            0.9671202839855999,
            0.9668305377244764,
            0.9660584473832158,
            0.9660693424715078,
            0.9671040041482077,
            0.9657844916738814
        ],
        "normals_x": [
            0.23975495804637964,
            0.2381265868528067,
            -0.13042598395015978,
            0.21467294590883648,
            -0.13042598395015975,
            -0.9666023731720153
        ],
        "normals_y": [
            0.970671569853829,
            0.97018187267236,
            -0.9906965470969542,
            0.9674282191451504,
            -0.990696547096954,
            -0.25553859431591924
        ],
        "normals_z": [
            0.017727480635506148,
            -0.04519803725589645,
            0.03885118120218977,
            -0.1341572476479166,
            0.03885118120218976,
            0.019490484685406376
        ],
        "empty": false
    }
}