{
    "rh_TH": {
        "positions_x": [],
        "positions_y": [],
        "positions_z": [],
        "normals_x": [],
        "normals_y": [],
        "normals_z": [],
        "empty": true
    },
    "rh_FF": {
        "positions_x": [
            0.09409388719764239,
            0.0942459693934389,
            0.09393899136089738,
            0.09393656338352727,
            0.09443640396335917,
            0.09393561496169968,
            0.09253607155341124,
            0.09298309191618434,
            0.0945577168071789,
            0.09253444040210064
        ],
        "positions_y": [
            -0.335373,
            -0.335373,
            -0.335373,
            -0.335373,
            -0.335373,
            -0.335373,
            -0.335373,
            -0.335373,
            -0.335373,
            -0.335373
        ],
        "positions_z": [
            1.0340198805262966,
            1.0339158097962469,
            1.033921961238115,
            1.0341184553804599,
            1.0333976240911262,
            1.0330874000472718,
            1.0339613893493778,
            1.0342389096184923,
            1.03310546196651,
            1.0330697490526646
        ],
        "normals_x": [
            0.0,
            0.0,
            0.0,
            0.0,
            0.0,
            0.0,
            0.0,
            0.0,
            0.0,
            0.0
        ],
        "normals_y": [
            1.0,
            1.0,
            1.0,
            1.0,
            1.0,
            1.0,
            1.0,
            1.0,
            1.0,
            1.0
        ],
        "normals_z": [
            0.0,
            0.0,
            0.0,
            0.0,
            0.0,
            0.0,
            0.0,
            0.0,
            0.0,
            0.0
        ],
        "empty": false
    },
    "rh_MF": {
        "positions_x": [],
        "positions_y": [],
        "positions_z": [],
        "normals_x": [],
        "normals_y": [],
        "normals_z": [],
        "empty": true
    },
    "rh_RF": {
        "positions_x": [
            0.09407578805754865,
            0.09424239552281409,
            0.09390926857960424,
            0.09390671500227615,
            0.09443128836787788,
            0.09390587408348655,
            0.09250632641200135,
            0.0929558343356151,
            0.09456143365267528,
            0.09250467658070524
        ],
        "positions_y": [
            -0.335373,
            -0.335373,
            -0.335373,
            -0.335373,
            -0.335373,
            -0.335373,
            -0.335373,
            -0.335373,
            -0.335373,
            -0.335373
        ],
        "positions_z": [
            0.9900314463373271,
            0.9899195282249204,
            0.9899262005916699,
            0.9901353642431564,
            0.989417084978431,
            0.9890916428729827,
            0.9899656053704922,
            0.9902446409692517,
            0.9891106788778044,
            0.9890739687501229
        ],
        "normals_x": [
            0.0,
            0.0,
            0.0,
            0.0,
            0.0,
            0.0,
            0.0,
            0.0,
            0.0,
            0.0
        ],
        "normals_y": [
            1.0,
            1.0,
            1.0,
            1.0,
            1.0,
            1.0,
            1.0,
            1.0,
            1.0,
            1.0
        ],
        "normals_z": [
            0.0,
            0.0,
            0.0,
            0.0,
            0.0,
            0.0,
            0.0,
            0.0,
            0.0,
            0.0
        ],
        "empty": false
    },
    "rh_LF": {
        "positions_x": [],
        "positions_y": [],
        "positions_z": [],
        "normals_x": [],
        "normals_y": [],
        "normals_z": [],
        "empty": true
    }
}