{
    "rh_TH": {
        "contact_positions_x": [],
        "contact_positions_y": [],
        "contact_positions_z": [],
        "contact_normals_x": [],
        "contact_normals_y": [],
        "contact_normals_z": [],
        "forces_x": [],
        "forces_y": [],
        "forces_z": [],
        "torques_x": [],
        "torques_y": [],
        "torques_z": [],
        "sum_forces": [
            0.0,
            0.0,
            0.0
        ],
        "sum_torques": [
            0.0,
            0.0,
            0.0
        ],
        "depths": []
    },
    "rh_FF": {
        "contact_positions_x": [
            0.09863992469354749,
            0.09849833012927042,
            0.09860432354252463
        ],
        "contact_positions_y": [
            -0.34086329585158415,
            -0.3408357142210128,
            -0.3408590705883162
        ],
        "contact_positions_z": [
            0.09863992469354749,
            0.09849833012927042,
            0.09860432354252463
        ],
        "contact_normals_x": [
            0.15946653207305084,
            0.15391965442933206,
            -0.13043786042782776
        ],
        "contact_normals_y": [
            0.9871998752614692,
            0.9880829179718696,
            -0.9907790082964628
        ],
        "contact_normals_z": [
            0.15946653207305084,
            0.15391965442933206,
            -0.13043786042782776
        ],
        "forces_x": [
            0.6944297372565646,
            0.22498485060683293,
            1.094396542158294e-166
        ],
        "forces_y": [
            0.8371756312030557,
            0.26950564200652344,
            9.351099661205703e-167
        ],
        "forces_z": [
            0.6944297372565646,
            0.22498485060683293,
            1.094396542158294e-166
        ],
        "torques_x": [
            0.010622326952611675,
            0.0034266486032871113,
            1.159160053946142e-168
        ],
        "torques_y": [
            -0.014874591844411846,
            -0.0047548781489765045,
            -8.259018567483237e-169
        ],
        "torques_z": [
            0.010622326952611675,
            0.0034266486032871113,
            1.159160053946142e-168
        ],
        "sum_forces": [
            0.9194145878633976,
            1.1066812732095792,
            1.2729647106803152
        ],
        "sum_torques": [
            0.014048975555898787,
            -0.01962946999338835,
            0.006918053846599336
        ],
        "depths": [
            4.654968969119988e-06,
            8.874559316529584e-06,
            4.338424534122698e-06
        ]
    },
    "rh_MF": {
        "contact_positions_x": [],
        "contact_positions_y": [],
        "contact_positions_z": [],
        "contact_normals_x": [],
        "contact_normals_y": [],
        "contact_normals_z": [],
        "forces_x": [],
        "forces_y": [],
        "forces_z": [],
        "torques_x": [],
        "torques_y": [],
        "torques_z": [],
        "sum_forces": [
            0.0,
            0.0,
            0.0
        ],
        "sum_torques": [
            0.0,
            0.0,
            0.0
        ],
        "depths": []
    },
    "rh_RF": {
        "contact_positions_x": [],
        "contact_positions_y": [],
        "contact_positions_z": [],
        "contact_normals_x": [],
        "contact_normals_y": [],
        "contact_normals_z": [],
        "forces_x": [],
        "forces_y": [],
        "forces_z": [],
        "torques_x": [],
        "torques_y": [],
        "torques_z": [],
        "sum_forces": [
            0.0,
            0.0,
            0.0
        ],
        "sum_torques": [
            0.0,
            0.0,
            0.0
        ],
        "depths": []
    },
    "rh_LF": {
        "contact_positions_x": [],
        "contact_positions_y": [],
        "contact_positions_z": [],
        "contact_normals_x": [],
        "contact_normals_y": [],
        "contact_normals_z": [],
        "forces_x": [],
        "forces_y": [],
        "forces_z": [],
        "torques_x": [],
        "torques_y": [],
        "torques_z": [],
        "sum_forces": [
            0.0,
            0.0,
            0.0
        ],
        "sum_torques": [
            0.0,
            0.0,
            0.0
        ],
        "depths": []
    }
}