{
    "rh_TH": {
        "positions_x": [],
        "positions_y": [],
        "positions_z": [],
        "normals_x": [],
        "normals_y": [],
        "normals_z": [],
        "empty": true
    },
    "rh_FF": {
        "positions_x": [
            0.09531469467003087,
            0.0953397783194454,
            0.09529737001514228,
            0.09529738817793468,
            0.09580296313380544,
            0.09530620764057471,
            0.09597384023179589,
            0.09529789328569652,
            0.09519637069739535,
            0.0936347487500608
        ],
        "positions_y": [
            -0.335373,
            -0.335373,
            -0.335373,
            -0.335373,
            -0.335373,
            -0.335373,
            -0.335373,
            -0.335373,
            -0.335373,
            -0.335373
        ],
        "positions_z": [
            1.0341675664390817,
            1.0341559457443779,
            1.0341568692501892,
            1.0341750178327023,
            1.0334407611404925,
            1.0331335950614235,
            1.0331322530118392,
            1.0324916629466012,
            1.034158767837303,
            1.0331421626515491
        ],
        "normals_x": [
            0.0,
            0.0,
            0.0,
            0.0,
            0.0,
            0.0,
            0.0,
            0.0,
            0.0,
            0.0
        ],
        "normals_y": [
            1.0,
            1.0,
            1.0,
            1.0,
            1.0,
            1.0,
            1.0,
            1.0,
            1.0,
            1.0
        ],
        "normals_z": [
            0.0,
            0.0,
            0.0,
            0.0,
            0.0,
            0.0,
            0.0,
            0.0,
            0.0,
            0.0
        ],
        "empty": false
    },
    "rh_MF": {
        "positions_x": [],
        "positions_y": [],
        "positions_z": [],
        "normals_x": [],
        "normals_y": [],
        "normals_z": [],
        "empty": true
    },
    "rh_RF": {
        "positions_x": [
            0.09528230792326485,
            0.09530770782995221,
            0.09526507816627355,
            0.09526509873524873,
            0.0957768032794831,
            0.09527387678949877,
            0.09595280359281633,
            0.09526561554228966,
            0.09516948002795528,
            0.09360245903102551
        ],
        "positions_y": [
            -0.335373,
            -0.335373,
            -0.335373,
            -0.335373,
            -0.335373,
            -0.335373,
            -0.335373,
            -0.335373,
            -0.335373,
            -0.335373
        ],
        "positions_z": [
            0.9901693682397961,
            0.990157803131737,
            0.9901587312445435,
            0.9901766449713268,
            0.9894464132226972,
            0.9891354572571737,
            0.989134095036751,
            0.9884939085017916,
            0.9901605279707808,
            0.9891440182383553
        ],
        "normals_x": [
            0.0,
            0.0,
            0.0,
            0.0,
            0.0,
            0.0,
            0.0,
            0.0,
            0.0,
            0.0
        ],
        "normals_y": [
            1.0,
            1.0,
            1.0,
            1.0,
            1.0,
            1.0,
            1.0,
            1.0,
            1.0,
            1.0
        ],
        "normals_z": [
            0.0,
            0.0,
            0.0,
            0.0,
            0.0,
            0.0,
            0.0,
            0.0,
            0.0,
            0.0
        ],
        "empty": false
    },
    "rh_LF": {
        "positions_x": [],
        "positions_y": [],
        "positions_z": [],
        "normals_x": [],
        "normals_y": [],
        "normals_z": [],
        "empty": true
    }
}